1,"passion"
2,"engager"
3,"marcher"
4,"admettre"
5,"inquiétude"
6,"ceci"
7,"véritable"
8,"retomber"
9,"rapidement"
10,"vin"
11,"froid"
12,"suffire"
13,"profiter"
14,"profondément"
15,"dehors"
16,"passage"
17,"produire"
18,"jouer"
19,"leur"
20,"tâche"
21,"perdu"
22,"comment"
23,"dire"
24,"inquiéter"
25,"digne"
26,"subir"
27,"blanc"
28,"huit"
29,"par"
30,"ferme"
31,"puisque"
32,"protéger"
33,"présent"
34,"convenir"
35,"soirée"
36,"reculer"
37,"compagnon"
38,"triste"
39,"exprimer"
40,"bête"
41,"douter"
42,"remplir"
43,"public"
44,"forme"
45,"propre"
46,"maintenir"
47,"art"
48,"lune"
49,"votre"
50,"somme"
51,"brûler"
52,"pas"
53,"garde"
54,"gens"
55,"certain"
56,"lit"
57,"et"
58,"terme"
59,"travers"
60,"salut"
61,"gens"
62,"agiter"
63,"ordre"
64,"voix"
65,"personne"
66,"frère"
67,"quelque"
68,"content"
69,"figure"
70,"achever"
71,"moins"
72,"plante"
73,"entrer"
74,"victime"
75,"faire"
76,"apprendre"
77,"loin"
78,"mariage"
79,"problème"
80,"désormais"
81,"sous"
82,"aussi"
83,"service"
84,"travers"
85,"fond"
86,"ciel"
87,"retirer"
88,"trouver"
89,"tandis que"
90,"plein"
91,"envoyer"
92,"deux"
93,"nouveau"
94,"oui"
95,"tout"
96,"chez"
97,"mais"
98,"reposer"
99,"air"
100,"hauteur"
101,"bleu"
102,"plein"
103,"remplacer"
104,"expliquer"
105,"avant"
106,"digne"
107,"terme"
108,"avis"
109,"volonté"
110,"briller"
111,"doucement"
112,"oh"
113,"dire"
114,"acte"
115,"réponse"
116,"voix"
117,"vif"
118,"rouler"
119,"guerre"
120,"exécuter"
121,"monde"
122,"forme"
123,"qualité"
124,"pouvoir"
125,"dont"
126,"race"
127,"il"
128,"ton"
129,"mourir"
130,"qualité"
131,"sans"
132,"examiner"
133,"toi"
134,"silencieux"
135,"odeur"
136,"accomplir"
137,"raconter"
138,"fait"
139,"sou"
140,"oncle"
141,"donc"
142,"réfléchir"
143,"as"
144,"rire"
145,"énorme"
146,"prince"
147,"exprimer"
148,"propre"
149,"reposer"
150,"milieu"
151,"charge"
152,"indiquer"
153,"manier"
154,"poser"
155,"même"
156,"type"
157,"bout"
158,"etc"
159,"supposer"
160,"éclairer"
161,"lors"
162,"santé"
163,"supérieur"
164,"près"
165,"cour"
166,"quoi"
167,"vue"
168,"produire"
169,"silence"
170,"garçon"
171,"pourquoi"
172,"fleur"
173,"observer"
174,"calmer"
175,"dormir"
176,"cesse"
177,"joue"
178,"fixer"
179,"français"
180,"faute"
181,"ton"
182,"maison"
183,"trente"
184,"dégager"
185,"brusquement"
186,"justice"
187,"dessus"
188,"sang"
189,"avec"
190,"prière"
191,"quitter"
192,"suite"
193,"neuf"
194,"profiter"
195,"étouffer"
196,"mauvais"
197,"direction"
198,"saison"
199,"certainement"
