0,"Tristar Compacte"
1,"EssentielB Multi-raclette"
2,"Tristar Compacte"
3,"Louis Tellier Brézière"
4,"Tefal 6 personnes"
5,"Bron Coucke Traditionnelle"
6,"Bron Coucke Traditionnelle"
7,"Lagrange Transparence"
8,"Lagrange Transparence"
9,"Tefal 6 personnes"
10,"Tefal 6 personnes"
11,"Bron Coucke Traditionnelle"
12,"Tefal 6 personnes"
13,"Tristar Compacte"
14,"Tefal 6 personnes"
15,"Tefal Pierrade"
16,"Tefal Pierrade"
17,"Tristar Compacte"
18,"Moulinex Principio"
19,"Tefal Pierrade"
20,"Tristar Compacte"
21,"Louis Tellier Brézière"
22,"Lagrange Transparence"
23,"Bron Coucke Traditionnelle"
24,"Tefal Pierrade"
25,"Bron Coucke Traditionnelle"
26,"Louis Tellier Brézière"
27,"Lagrange Transparence"
28,"Lagrange Transparence"
29,"Moulinex Principio"
30,"Moulinex Principio"
31,"Moulinex Principio"
32,"Moulinex Principio"
33,"Bron Coucke Traditionnelle"
34,"EssentielB Multi-raclette"
35,"Louis Tellier Brézière"
36,"Moulinex Principio"
37,"Tefal 6 personnes"
38,"Lagrange Transparence"
39,"Bron Coucke Traditionnelle"
40,"EssentielB Multi-raclette"
41,"Severin Gril"
42,"Bron Coucke Traditionnelle"
43,"Lagrange Transparence"
44,"EssentielB Multi-raclette"
45,"Louis Tellier Brézière"
46,"Tristar Compacte"
47,"Moulinex Principio"
48,"Tefal Pierrade"
49,"Moulinex Principio"
50,"Louis Tellier Brézière"
51,"Tristar Compacte"
52,"Tefal Pierrade"
53,"Tefal 6 personnes"
54,"Lagrange Transparence"
55,"Bron Coucke Traditionnelle"
56,"Lagrange Transparence"
57,"EssentielB Multi-raclette"
58,"Klarstein Appenzell"
59,"Severin Gril"
60,"Lagrange Transparence"
61,"Bron Coucke Traditionnelle"
62,"Moulinex Principio"
63,"Klarstein Appenzell"
64,"Lagrange Transparence"
65,"Klarstein Appenzell"
66,"EssentielB Multi-raclette"
67,"Tristar Compacte"
68,"Bron Coucke Traditionnelle"
69,"Tefal Pierrade"
70,"Klarstein Appenzell"
71,"Louis Tellier Brézière"
72,"Bron Coucke Traditionnelle"
73,"EssentielB Multi-raclette"
74,"Tefal 6 personnes"
75,"Severin Gril"
76,"Moulinex Principio"
77,"Lagrange Transparence"
78,"Moulinex Principio"
79,"Moulinex Principio"
80,"Tefal 6 personnes"
81,"Tristar Compacte"
82,"Tefal 6 personnes"
83,"EssentielB Multi-raclette"
84,"EssentielB Multi-raclette"
85,"Tefal Pierrade"
86,"Tefal 6 personnes"
87,"Louis Tellier Brézière"
88,"Louis Tellier Brézière"
89,"Moulinex Principio"
90,"Klarstein Appenzell"
91,"Severin Gril"
92,"Bron Coucke Traditionnelle"
93,"Lagrange Transparence"
94,"Tefal 6 personnes"
95,"EssentielB Multi-raclette"
96,"Severin Gril"
97,"Louis Tellier Brézière"
98,"Louis Tellier Brézière"
99,"Tefal 6 personnes"
100,"Severin Gril"
101,"Moulinex Principio"
102,"Bron Coucke Traditionnelle"
103,"Louis Tellier Brézière"
104,"Louis Tellier Brézière"
105,"EssentielB Multi-raclette"
106,"Lagrange Transparence"
107,"Klarstein Appenzell"
108,"Tefal Pierrade"
109,"Louis Tellier Brézière"
110,"Tefal Pierrade"
111,"Moulinex Principio"
112,"EssentielB Multi-raclette"
113,"Tefal Pierrade"
114,"Moulinex Principio"
115,"Tristar Compacte"
116,"Lagrange Transparence"
117,"Severin Gril"
118,"Tefal 6 personnes"
119,"Tefal Pierrade"
120,"Tefal Pierrade"
