"014 167 217 00307","Collin"
"753 639 517 00923","Daniel SA"
"814 371 787 00486","Barbier Mathieu SA"
"455 364 448 00577","Meyer"
"482 488 699 00620","Bousquet"
"896 890 233 00530","Gay SARL"
"010 677 912 00221","Regnier"
"719 186 397 00969","Clément"
"637 764 390 00760","Chartier Guilbert et Fils"
"579 966 557 00483","Perrot"
"870 356 458 00956","Rousseau SA"
"712 173 327 00578","Morin"
"759 373 566 00505","Lesage"
"740 074 372 00674","Poulain"
"856 946 751 00422","Da Costa"
"099 622 151 00472","Germain S.A.S."
"658 425 475 00246","Marchal SARL"
"601 952 328 00099","Marchand"
"583 978 523 00715","Vaillant"
"629 693 003 00291","Brun"
"816 592 554 00512","Leroy"
"827 772 245 00656","Bouchet S.A.R.L."
"856 779 210 00561","Alexandre"
"338 170 038 00693","Evrard"
"280 979 840 00491","Gilles"
"188 671 564 00774","Toussaint Rodrigues et Fils"
"996 108 593 00855","Gilbert"
"127 727 667 00637","Monnier Mendès SARL"
"357 628 759 00635","Buisson"
"215 886 185 00366","Arnaud SARL"
"851 715 631 00400","Ledoux Albert S.A.S."
"630 844 397 00178","Muller"
"134 011 949 00010","Perret"
"244 108 981 00014","Bourgeois"
"989 582 101 00386","Paul"
"642 059 034 00677","Alves Gallet SA"
"275 057 305 00144","Boulanger"
"261 989 537 00301","Brunet"
"266 440 882 00261","Rémy et Fils"
"722 954 831 00888","Gomes"
"519 389 423 00681","Hubert"
"963 458 856 00035","Chartier SARL"
"525 822 011 00819","Dos Santos"
"252 445 341 00784","Jacquot"
"750 551 749 00377","Torres Bernier S.A."
"822 466 926 00661","David S.A.S."
"348 239 708 00707","Thomas Briand S.A.R.L."
"860 801 299 00386","Jacob Berger et Fils"
"590 638 748 00483","Étienne S.A.R.L."
"837 182 344 00478","Bouvet Mendès S.A.R.L."
"027 148 766 00994","Masson"
"731 319 612 00909","Bonneau"
"944 682 129 00183","Sanchez"
"493 805 634 00216","Carlier SA"
"881 047 682 00268","Weber"
"728 753 047 00071","Becker"
"355 198 482 00950","Poulain"
"644 689 663 00974","Thierry"
"963 189 451 00510","Grondin S.A.R.L."
"045 704 715 00221","Jacquet SA"
"473 116 028 00373","Carre SARL"
"819 514 464 00091","Seguin et Fils"
"149 509 820 00531","Lecoq S.A."
"775 323 165 00131","Couturier"
"275 404 606 00939","Charles"
"790 450 878 00976","Pereira"
"935 890 103 00226","Bertrand S.A."
"634 515 001 00804","Étienne"
"414 880 039 00907","Gautier Ferreira SARL"
"259 708 709 00169","Collet"
"171 474 083 00234","Moreno"
"105 775 167 00445","Mace Rocher S.A.R.L."
"014 304 877 00047","Pinto"
"778 160 309 00325","Brunel"
"935 347 427 00558","Poirier SA"
"771 598 604 00821","Weiss"
"842 844 938 00592","Martin"
"993 026 756 00144","David S.A."
"765 718 713 00892","De Oliveira Wagner S.A.S."
"596 372 458 00064","Olivier"
"184 996 411 00957","Lacroix"
"689 557 957 00123","Delahaye Berger SARL"
"761 487 438 00126","Payet"
"405 183 948 00711","Gros"
"322 093 113 00429","Besnard"
"284 863 834 00370","Boulay"
"707 105 219 00075","Raymond S.A.R.L."
"243 199 445 00665","Vidal"
"231 040 817 00091","Poirier SA"
"476 618 640 00314","Roussel"
"573 127 479 00810","Fournier"
"949 962 013 00353","Gauthier S.A.R.L."
"340 020 759 00312","Bègue et Fils"
"398 171 488 00818","Schmitt Lejeune S.A.S."
"101 362 085 00496","Laroche"
"212 792 584 00386","Michaud S.A.S."
"498 810 597 00449","Bodin S.A.R.L."
"453 310 104 00485","Guichard S.A."
"441 074 036 00001","Didier"
"031 909 930 00039","Marty Da Silva SARL"
"456 155 407 00012","Millet Da Costa S.A."
"917 559 999 00698","Thierry"
"887 094 738 00499","Potier"
"900 369 976 00890","Antoine S.A."
"644 602 195 00716","Marin"
"987 170 479 00651","Marin SA"
"223 934 829 00837","Picard"
"258 499 367 00757","Gérard"
"286 137 690 00942","Reynaud S.A.R.L."
"477 775 373 00046","Neveu"
"407 153 618 00183","Hervé"
"127 980 084 00256","Bouvet SARL"
"764 236 865 00441","Perrin"
"937 976 942 00154","Martinez Paul S.A."
"655 449 718 00007","Delannoy"
"512 020 835 00488","Antoine S.A.S."
"946 723 699 00231","Bonnet"
"376 933 784 00153","Loiseau"
"361 441 074 00180","Briand"
"073 179 681 00876","Perret"
"276 964 764 00423","Roux Gallet et Fils"
"929 315 570 00945","Cousin Langlois et Fils"
"079 500 997 00469","Faivre"
"987 462 058 00411","Joubert"
"165 211 988 00499","Aubert S.A.S."
"635 509 888 00189","Texier"
"770 785 319 00607","Breton Laporte S.A."
"945 094 308 00901","Costa"
"954 951 851 00268","Lefort"
"964 684 666 00982","Pierre Royer S.A.S."
"307 664 490 00082","Coste S.A."
"487 180 408 00857","Salmon"
"413 727 736 00063","Parent SARL"
"723 844 981 00958","Samson"
"651 890 865 00736","Lebreton"
"821 048 006 00638","Lebon"
"757 505 607 00502","Lombard"
"273 808 154 00887","Roger Fernandes S.A."
"031 658 032 00243","Leroy"
"614 359 529 00607","Rodrigues"
"871 400 560 00375","Reynaud Lamy SARL"
"588 632 554 00485","Boutin S.A.R.L."
"930 857 537 00227","Delaunay et Fils"
"854 077 484 00970","Gilbert S.A.R.L."
"463 155 481 00310","Alexandre"
"676 437 841 00106","Blanchard S.A.S."
"460 668 825 00926","Monnier"
"019 434 232 00609","Leroux Girard S.A.S."
"972 523 377 00075","Delaunay"
"183 717 222 00198","Delaunay Guillaume et Fils"
"631 482 478 00312","Raymond Lombard S.A.R.L."
"824 528 129 00094","Marchal S.A."
"463 514 588 00680","Bodin Salmon S.A."
"223 086 562 00137","Perrot"
"842 568 495 00027","Jacques Chauveau S.A."
"588 826 743 00225","Mahe Morin SA"
"360 119 747 00523","Léger"
"408 045 912 00693","Delorme Noël SARL"
"776 257 826 00003","Langlois"
"369 640 370 00978","Bègue"
"986 178 499 00133","Teixeira"
"572 749 281 00000","Chevalier"
"849 203 005 00657","Boucher"
"411 427 529 00580","Bouchet Lesage et Fils"
"695 464 370 00318","Fouquet"
"216 003 772 00185","Boulanger"
"841 123 797 00083","Maréchal Baudry S.A.R.L."
"175 025 907 00072","Lemoine"
"891 633 026 00861","Deschamps SA"
"759 500 333 00225","Marques SA"
"793 784 299 00463","Potier"
"104 187 752 00225","Devaux"
"823 569 678 00639","Gauthier S.A.R.L."
"110 152 857 00659","Lemonnier et Fils"
"092 573 179 00287","Charpentier"
"539 661 488 00962","Teixeira"
"570 016 949 00242","Fernandes Legrand S.A.R.L."
"018 578 062 00111","Ferreira"
"129 017 182 00889","Paul SA"
"395 404 932 00562","Guillot"
"923 333 538 00851","Hebert Moulin S.A.S."
"305 218 653 00692","Renard SA"
"970 679 866 00818","Pineau"
"812 203 735 00939","Schneider"
"256 961 319 00413","Faivre Diaz SARL"
"525 624 078 00040","Mercier"
"805 465 804 00237","Fournier et Fils"
"111 342 689 00879","Menard"
"737 813 402 00697","Olivier"
"409 776 168 00893","Neveu SA"
"862 831 112 00167","Martin SA"
"347 350 456 00336","Michaud"
"249 388 216 00346","Vincent Pottier S.A.R.L."
"780 070 348 00567","Lemonnier S.A."
"051 289 908 00504","Martel"
"039 476 312 00937","Wagner Becker SARL"
"511 442 048 00027","Imbert Rousseau S.A.S."
"866 397 383 00575","Lombard Vincent et Fils"
"443 358 171 00793","Peron"
"924 280 688 00988","Rodriguez S.A.R.L."
