1,"sable","2026-01-01 12:17:21.377662","boulevard de Wagner 15658 Lévêque",8112
2,"fixe","2024-11-24 00:37:54.077644","14, boulevard de Delorme 84707 Brunet",2475
3,"vivre","2025-07-12 01:55:54.810329","54, avenue Valentin 24631 Fournier-la-Forêt",1590
4,"fixe","2026-03-09 13:26:20.130617","629, rue Noël Lesage 33696 Sainte Hortense-sur-Mer",798
5,"rêve","2024-05-13 18:19:14.049263","57, chemin de Henry 44355 Sainte Corinne",6613
6,"rêver","2026-01-03 08:52:17.742391","99, avenue Daniel Lebon 80672 Techer",6838
7,"humide","2025-10-28 19:25:44.301901","1, boulevard Gautier 28632 Saint Gillesdan",5035
8,"apprendre","2024-06-06 05:20:35.697287","36, avenue de Auger 74547 Sainte Claudinedan",4615
9,"assez","2025-03-22 06:37:14.991628","88, rue de Colas 64356 Mendèsdan",7492
10,"précis","2025-05-14 23:39:44.233717","89, avenue de Dijoux 75591 Dupré-les-Bains",1381
11,"offrir","2025-11-14 14:51:28.345461","76, rue de Hoarau 76528 Thomas",5281
12,"écrire","2025-11-12 06:06:45.819082","boulevard de Lévêque 94662 Meyer",706
13,"travailler","2024-04-12 19:06:11.273174","boulevard de Gallet 66465 Turpin-sur-Charles",2369
14,"bleu","2024-08-31 06:14:55.617781","rue Robert 26463 Lemonnierdan",4392
15,"danser","2025-11-24 07:22:25.671978","587, avenue de De Sousa 71151 Millet",210
16,"prêter","2024-05-12 12:49:08.123837","56, rue Eugène Breton 06340 Lenoir-sur-Mer",5774
17,"abattre","2025-02-07 16:50:22.289214","28, boulevard Gabriel Ollivier 51482 Didier-sur-Dufour",5843
18,"fin","2024-05-10 13:07:05.614488","boulevard de Blanchard 79941 Jourdan",1716
19,"lune","2024-06-15 22:10:42.315145","7, chemin Maggie Besson 68495 Buisson-la-Forêt",1188
20,"pied","2025-11-23 05:23:03.186270","50, boulevard Céline Bertin 45912 Devaux-sur-Lefèvre",9317
21,"reculer","2025-06-08 07:09:56.488775","9, chemin de Lelièvre 68875 Sainte Susanne-les-Bains",7139
22,"plan","2024-08-31 18:16:14.588612","1, boulevard Gautier 28632 Saint Gillesdan",8660
23,"pour","2024-10-31 19:41:12.135574","208, rue de Peltier 81315 Rolland-la-Forêt",3573
24,"peuple","2024-07-07 03:26:27.406975","6, rue de Gaillard 02576 Sainte Sophiedan",5467
25,"se","2024-09-21 06:40:36.886685","23, rue Édith Benoit 09166 Alves",4492
26,"quartier","2024-06-25 00:01:08.294459","674, chemin de Gaillard 23817 Henry-les-Bains",9053
27,"jeunesse","2024-08-11 11:09:39.546849","498, avenue Célina Guillet 72561 Lecomte",916
28,"l'un","2025-09-29 13:33:25.068373","77, rue de Ferreira 10157 Baronnec",3028
29,"chacun","2025-05-26 20:48:53.544281","92, chemin Olivie Valette 67945 Sainte VincentBourg",9224
30,"seconde","2025-12-06 02:30:48.439569","rue de Daniel 22355 Delaunay",311
31,"taille","2025-08-15 17:37:01.989320","30, chemin de Hernandez 68719 Texierboeuf",9522
32,"tendre","2024-12-03 18:15:27.867100","chemin de Jacquet 89852 Perrot",6298
33,"épais","2025-01-20 19:39:01.289318","17, avenue Aimée Grondin 37841 Leclerc",4061
34,"poète","2025-12-13 05:14:15.252934","rue de Dupuy 25711 Bernier",6833
35,"plutôt","2025-12-14 19:37:50.663755","15, chemin de Reynaud 97175 Rodriguez-sur-Perret",6910
36,"pendant","2024-08-01 10:31:26.845681","28, chemin Alexandria Gomes 79364 Lebon-sur-Colas",6565
37,"général","2026-03-12 09:42:30.283262","7, avenue Maryse Lombard 79500 Chartier-sur-Mer",6587
38,"pauvre","2026-03-03 08:03:01.430360","16, chemin Adrienne Marty 80935 Boucher",1013
39,"fait","2025-01-20 01:19:42.814264","85, boulevard de Gaudin 97183 Raynaudboeuf",5185
40,"obliger","2026-01-02 12:21:28.123408","327, rue Texier 86973 Saint Véronique",2475
41,"ennemi","2025-07-15 06:20:22.777329","9, boulevard Dupuy 83670 Courtoisboeuf",775
42,"défendre","2025-05-25 23:52:37.842399","897, avenue Simon 04201 Lefèvre-la-Forêt",5940
43,"maladie","2025-12-14 18:17:44.752514","5, rue de Maillot 13388 Boyernec",6386
44,"comment","2025-01-24 13:02:14.348464","546, avenue Fischer 83982 Vasseur",6412
45,"séparer","2024-11-11 08:34:14.058869","74, boulevard de Caron 24104 Saint Danielle",2937
46,"poète","2025-01-24 14:45:11.277218","207, avenue Allard 16259 Morin",1941
47,"prier","2024-09-16 22:15:29.771167","rue Gabrielle Michel 20795 Lebon",7043
48,"nez","2024-11-27 03:46:04.271079","36, rue de Rey 76785 Saint Agnès",1466
49,"ailleurs","2024-03-29 03:52:19.734303","rue Pascal 65724 Peltier",8538
50,"confier","2024-08-04 15:07:19.533260","27, avenue de Guilbert 87187 Bègue",6660
51,"rapide","2025-10-21 04:49:48.642127","30, chemin de Hernandez 68719 Texierboeuf",6358
52,"se","2024-10-29 14:58:50.751204","45, boulevard Carre 58921 Ribeiro-sur-Ramos",7801
53,"pont","2024-05-16 03:44:11.581127","897, avenue Simon 04201 Lefèvre-la-Forêt",7452
54,"sorte","2026-02-24 18:52:50.457084","3, boulevard de Petit 90954 Saint SébastienVille",4801
55,"quinze","2024-09-23 19:22:54.235410","rue de Faivre 39703 Chauvet",710
56,"lire","2025-08-20 16:00:16.651150","57, chemin de Berthelot 55152 Brunet",8663
57,"déchirer","2024-04-14 03:28:38.193942","388, avenue Germain 64226 Le Goffdan",1478
58,"alors","2025-04-26 18:28:38.708151","974, rue de Dubois 74414 Costa-les-Bains",6003
59,"instant","2024-08-12 02:25:27.842143","65, avenue de Lemaître 54273 Maheboeuf",6349
60,"vivant","2024-08-02 01:33:56.085677","90, rue Besson 69944 Berger-sur-Mer",1651
61,"intelligence","2024-04-27 01:02:23.795901","66, rue Arthur Chauvin 58160 Mary-sur-Payet",9408
62,"fond","2025-02-08 03:05:09.155620","299, chemin Anaïs Hamon 12820 Fouquet",9698
63,"seul","2026-01-10 15:53:44.560108","24, boulevard Mathieu 19427 Pineauboeuf",7890
64,"projet","2024-06-16 09:13:17.274659","rue Blanchard 31804 Lesage",9431
65,"éclat","2024-10-17 17:09:16.953703","rue de Lombard 55276 Fouquet",4613
66,"intelligence","2025-04-09 21:25:36.748384","897, avenue Simon 04201 Lefèvre-la-Forêt",5541
67,"fier","2025-05-11 13:55:55.559730","boulevard de Verdier 29903 Perret",1292
68,"revenir","2024-06-11 04:03:03.791637","57, rue de Guillet 06433 Labbé",2293
69,"même","2025-10-05 20:40:00.739886","39, rue Émilie Masse 75467 Bourdon",1821
70,"valeur","2025-01-08 02:43:08.973205","989, rue de David 04243 Perrinnec",9316
71,"rejeter","2025-06-03 01:23:28.328585","18, rue Mahe 10632 Marty-la-Forêt",6743
72,"effet","2025-10-10 14:27:32.640475","avenue de Lacombe 89124 Chartier-la-Forêt",3096
73,"élément","2025-11-06 14:19:16.134649","5, rue de Merle 40324 Sauvage-sur-Bernier",5550
74,"valoir","2024-09-11 13:10:19.909897","15, rue Valérie Vasseur 48429 Carre",3475
75,"danser","2024-07-10 21:53:51.644802","674, chemin de Gaillard 23817 Henry-les-Bains",5975
76,"rire","2025-03-15 10:24:47.799677","9, chemin de Lelièvre 68875 Sainte Susanne-les-Bains",4298
77,"as","2025-12-18 12:44:17.928380","chemin de Robert 68593 Bouchet-sur-Lacroix",4220
78,"roman","2025-10-04 14:22:35.946449","92, avenue Diane Peron 43466 Rodrigues",1321
79,"trésor","2025-03-13 06:39:23.228338","67, chemin Bourgeois 05722 Bourgeoisnec",4803
80,"hésiter","2024-07-12 08:17:04.893590","71, avenue Jules Nicolas 77111 GuilletVille",8676
81,"énergie","2025-08-24 10:26:19.277364","4, boulevard Bonnin 77230 Leleu",297
82,"reprendre","2024-12-17 09:26:52.011283","rue Alain Roger 10700 Collindan",5774
83,"cesser","2024-09-29 15:51:04.079720","chemin Marie Lambert 72277 Robert",9168
84,"secrétaire","2025-06-23 00:45:45.755185","96, avenue Marques 90890 Juliennec",3222
85,"question","2025-01-12 14:44:27.423886","628, rue Sophie Verdier 06800 Germain",6975
86,"lien","2024-10-11 07:25:24.955257","11, rue de David 28995 Rémy",3581
87,"faible","2025-08-17 18:12:16.277661","5, rue de Merle 40324 Sauvage-sur-Bernier",4601
88,"sable","2025-11-15 13:41:58.665003","20, chemin Émile Richard 97133 Grondin-sur-Lebreton",3728
89,"jeune","2024-07-22 22:58:35.379761","1, boulevard de Laroche 16474 Muller",2181
90,"sec","2024-04-14 03:59:37.020372","38, rue Vallet 78585 Regniernec",9399
91,"voilà","2025-02-28 04:20:41.048394","14, rue de Boucher 90682 Rousset",7043
92,"étoile","2024-05-30 01:20:13.814762","301, chemin Thierry Legendre 76424 GilbertVille",380
93,"armée","2025-10-27 02:33:54.723846","14, boulevard de Delorme 84707 Brunet",208
94,"ouvrir","2026-03-09 17:46:22.648202","20, chemin Émile Richard 97133 Grondin-sur-Lebreton",1643
95,"rappeler","2025-03-31 17:40:13.571801","15, boulevard de Da Silva 32824 Renaudboeuf",5745
96,"déchirer","2025-07-03 03:44:03.089388","62, boulevard Maryse Hervé 92157 Wagner",3723
97,"user","2024-10-18 02:48:38.867472","3, chemin Hardy 91323 Guillon",421
98,"dépasser","2024-05-08 08:30:38.687943","2, rue Barre 73798 Fernandez",9912
99,"travailler","2025-03-26 05:08:38.648409","837, chemin Huet 94980 Hervé-les-Bains",7655
100,"aujourd'hui","2024-07-11 01:17:12.672733","boulevard de Blanchard 79941 Jourdan",6416
101,"cas","2024-07-12 21:15:01.920824","rue Alix Bouvet 68681 Saint DanielBourg",6618
102,"exister","2025-08-03 07:25:06.580740","19, chemin Thibaut Fernandes 72587 Meunierdan",797
103,"peau","2025-03-22 13:15:13.749418","255, chemin Nathalie Moreno 11216 Henry",5702
104,"train","2024-05-28 15:11:33.028288","4, rue Christelle Lemonnier 45379 PasquierVille",5582
105,"réclamer","2025-10-20 04:37:03.877418","rue Guillou 54252 Blin",5094
106,"tout","2024-06-13 08:31:20.696401","8, rue de Buisson 21975 Moulin-sur-Loiseau",1018
107,"contre","2026-02-15 19:16:18.403365","92, chemin Olivie Valette 67945 Sainte VincentBourg",6797
108,"père","2025-08-30 05:07:38.000778","100, boulevard de Raymond 35205 Sainte Henriette",6704
109,"trop","2025-05-11 00:47:12.015104","17, avenue Aimée Grondin 37841 Leclerc",8158
110,"inutile","2025-06-07 21:34:37.842641","17, boulevard de Neveu 97430 Blot-sur-Huet",9905
111,"siècle","2025-12-07 01:42:33.624150","92, boulevard Maryse Brunet 54597 Grondindan",9905
112,"rue","2025-05-07 07:26:51.882508","rue Robert 26463 Lemonnierdan",7016
113,"précis","2025-06-23 01:23:44.416488","32, boulevard Michèle Louis 91107 Lagarde-sur-Camus",38
114,"choisir","2024-06-05 04:05:36.885003","89, rue Aubert 18435 Mary-la-Forêt",5708
115,"fumée","2025-01-16 21:09:48.405056","85, rue Guibert 97381 Payetdan",169
116,"souvenir","2024-08-04 19:12:49.148208","263, chemin de Goncalves 69302 Petit-les-Bains",7060
117,"cruel","2026-01-25 07:05:47.960749","rue Bazin 26546 Dumont",7713
118,"douze","2024-06-06 18:15:15.368734","1, avenue de Perrier 25798 Jean",9535
119,"renverser","2026-02-23 05:41:48.658643","43, boulevard de Vasseur 61135 Dupré-sur-Mer",2261
120,"résister","2025-02-01 12:44:42.592103","420, avenue Franck Baudry 37537 Sainte Brigittenec",4878
121,"quinze","2026-03-05 07:26:40.545635","4, chemin Sabine Lévy 75825 Clerc",2527
122,"rejeter","2025-02-14 02:17:45.876606","263, chemin de Goncalves 69302 Petit-les-Bains",706
123,"auteur","2026-03-03 02:23:56.326133","77, rue de Ferreira 10157 Baronnec",7231
124,"note","2025-09-23 21:36:54.119991","9, chemin de Lelièvre 68875 Sainte Susanne-les-Bains",3198
125,"siège","2024-07-30 13:45:57.110589","1, rue de Sanchez 50396 RousseauBourg",1651
126,"nu","2025-10-31 02:49:30.504966","88, avenue Bouvet 27248 Sainte Louise",3100
127,"rose","2025-04-30 17:56:03.870814","509, rue de Germain 27943 Moulin-les-Bains",848
128,"an","2024-06-27 11:13:18.803782","rue Guillou 54252 Blin",2148
129,"soin","2025-04-02 12:35:28.532698","42, boulevard de Muller 75619 Saint Thibaut",6548
130,"politique","2024-11-13 21:59:56.234872","rue Alain Roger 10700 Collindan",4503
131,"qualité","2025-01-05 14:53:01.605226","2, chemin Paris 90961 Saint Alexandria",2266
132,"ramasser","2024-05-21 05:31:00.656385","2, rue Sophie Huet 76871 Lebon",1094
133,"saint","2026-02-20 17:09:28.905080","12, rue Martine Le Gall 97218 Maillet",174
134,"recevoir","2024-10-20 19:21:07.034285","67, boulevard Lombard 68151 Charrier",2067
135,"tempête","2024-10-01 17:28:08.269217","54, avenue Valentin 24631 Fournier-la-Forêt",9877
136,"entendre","2025-12-18 19:19:34.392449","105, chemin de Gérard 57893 Dupré",3027
137,"fenêtre","2025-09-26 17:40:13.877659","4, rue de Charles 20447 Colin-les-Bains",5014
138,"pénétrer","2025-10-23 00:23:59.486760","8, rue de Gomez 97453 Roux-sur-Devaux",6622
139,"regretter","2026-02-06 11:00:54.862281","59, avenue de Leduc 50995 Sainte David-les-Bains",3844
140,"d'abord","2025-03-07 10:33:14.408323","7, chemin Patrick Marques 94102 Baudry",6930
141,"chambre","2024-09-23 11:21:18.016689","159, rue Benoît Durand 23900 Richard",6709
142,"course","2025-09-29 15:04:34.809396","6, rue de Martins 11725 Léger-sur-Charrier",7914
143,"image","2025-12-27 07:25:09.640087","72, rue Augustin Seguin 95210 Ferrand",2349
144,"rapidement","2025-06-10 04:30:41.568636","18, avenue de Potier 97332 Lefebvre",1243
145,"flot","2026-03-14 00:30:25.177641","14, boulevard Pereira 91709 LeclercBourg",9599
146,"quartier","2024-07-20 12:45:41.724535","64, boulevard Virginie Grenier 10202 Carpentierdan",6258
147,"fruit","2025-08-05 18:01:32.500716","boulevard de Menard 97278 Bouvier",4865
148,"semblable","2025-12-13 06:08:50.505778","40, avenue de Blin 36194 Garnier-sur-Mer",8742
149,"accrocher","2026-01-21 17:34:42.232713","avenue de Rey 09644 Simon",4101
150,"venir","2024-12-05 01:15:51.380119","boulevard de Chauvin 55881 Benoit",3298
151,"sonner","2025-11-01 13:43:47.519156","9, boulevard de Diaz 22135 De Oliveira",9243
152,"joindre","2024-12-05 14:58:58.718969","chemin de Didier 89325 Saint Théodore",8802
153,"dormir","2024-11-22 08:04:24.211592","boulevard Maurice Da Costa 38994 Blanchard",1706
154,"aide","2024-12-29 16:25:41.130641","59, avenue de Leduc 50995 Sainte David-les-Bains",4884
155,"regard","2026-03-07 09:20:19.085824","4, rue de Charles 20447 Colin-les-Bains",3068
156,"clef","2024-09-07 21:31:05.705562","44, avenue de Prévost 58599 Blin-sur-Leclercq",7184
157,"toucher","2024-08-13 07:08:12.127359","rue Boucher 62197 Imbert-sur-Bourgeois",3362
158,"exposer","2025-01-18 05:30:14.202268","755, chemin Mathilde Lesage 97230 Sainte StéphanieVille",8124
159,"différent","2026-01-04 14:09:05.803614","3, boulevard Albert 34884 Potier",7541
160,"même","2025-05-14 03:14:51.542746","100, rue Bouchet 13382 Guillaumedan",5316
161,"relever","2025-10-17 10:06:14.092438","19, chemin Delmas 83838 Jean",4641
162,"faux","2025-12-09 09:42:22.972815","285, rue Tristan Léger 33147 MaillotBourg",1506
163,"pain","2026-01-01 11:16:31.723699","avenue de Joubert 94629 Sainte Vincent",532
164,"composer","2025-07-30 06:50:14.784520","rue Audrey Martineau 30920 Ollivier-la-Forêt",4254
165,"plaire","2025-09-02 20:19:38.402377","14, rue de Boucher 90682 Rousset",9422
166,"poste","2025-06-12 00:45:36.777160","63, chemin Danielle Didier 56525 Saint Anaïs",9043
167,"abandonner","2026-02-20 15:48:26.205585","6, rue Alexandre Hebert 68423 Reynaud",445
168,"avec","2024-12-17 01:49:13.748947","boulevard Renard 06688 Saint Valentine",4653
169,"tôt","2024-06-21 12:11:44.928674","29, chemin Colette Benard 66105 Sainte Sylvienec",7057
170,"promener","2025-03-03 10:44:54.447319","9, rue de Delmas 40429 Pottier",2523
171,"porte","2025-08-25 05:03:30.124727","53, boulevard Faivre 51976 Saint Jeannineboeuf",4591
172,"trois","2025-08-16 06:43:23.456583","113, boulevard Fernandes 58944 Sainte Eugène-sur-Mer",6773
173,"rare","2025-08-04 22:52:35.529183","9, boulevard Théodore Marty 81284 Clercboeuf",5301
174,"beau","2024-12-20 10:13:25.839017","89, avenue de Dijoux 75591 Dupré-les-Bains",991
175,"avouer","2024-08-31 04:32:58.746212","65, rue de Wagner 84579 Michaud",8764
176,"élément","2025-04-19 20:14:39.245711","12, boulevard Buisson 69611 Marchand",4747
177,"autrefois","2026-03-17 15:53:24.569067","avenue de Lamy 64224 Delorme",2639
178,"plante","2024-12-28 07:03:11.787790","78, boulevard Marie 97431 Bourgeois",9819
179,"poésie","2026-03-13 12:03:19.820524","329, rue Lemonnier 69304 Brunet-sur-Pelletier",31
180,"rompre","2024-10-13 14:17:09.142301","avenue de Raymond 78378 Bernard",6258
181,"fine","2024-08-31 12:19:31.849856","22, rue Thibault Munoz 31547 Saint Thierry",6189
182,"connaître","2025-03-30 10:39:22.270611","41, avenue Lacombe 05896 Cousin-sur-Muller",9535
183,"vaincre","2024-08-05 05:44:38.048306","rue Charles Colas 42422 Saint Gérardboeuf",4804
184,"essayer","2024-07-19 14:26:50.170166","1, chemin de Salmon 84856 Mace",1271
185,"présenter","2025-07-26 09:10:25.963625","5, rue de Maillot 13388 Boyernec",715
186,"presque","2024-04-13 05:13:50.837154","237, rue Lucie Schneider 52302 Bertrandboeuf",2067
187,"six","2024-04-28 22:51:27.501720","61, avenue de Reynaud 66851 Simon-la-Forêt",8063
188,"geste","2025-06-15 12:06:30.076154","7, chemin Patricia Clément 12750 Fournier",3686
189,"disposer","2025-05-17 16:23:19.450832","75, rue Andrée Maurice 68588 Henrydan",1814
190,"acte","2025-02-16 10:21:12.851789","39, rue Émilie Masse 75467 Bourdon",7364
191,"science","2024-08-01 04:21:56.894231","35, avenue Garcia 57765 Royer",93
192,"apporter","2025-10-06 20:54:49.640022","62, boulevard Tristan Masson 11701 Dijoux",2941
193,"roi","2025-07-16 15:25:28.413714","88, boulevard Collet 83836 Denisboeuf",508
194,"réponse","2024-05-31 04:22:03.028923","104, avenue de Ruiz 74657 BenoitBourg",7714
195,"exiger","2024-04-09 10:48:04.044929","2, rue de Reynaud 28446 Paris",2121
196,"troubler","2024-05-26 21:11:20.692487","42, avenue de Pires 34776 Da SilvaVille",2700
197,"retourner","2026-01-03 12:32:08.544543","boulevard de Merle 28811 Saint Anaïs",2741
198,"respirer","2024-08-19 23:06:38.291809","871, boulevard de Didier 42187 Saint Genevièveboeuf",4730
199,"titre","2024-10-15 03:37:49.054037","291, rue de Delaunay 85792 Millet",1343
